Workbook

Sheet README
A1: TPC-H SF5 Formula-Driven Experiment Analysis
A3: Purpose | B3: This workbook rebuilds the key summaries using Excel formulas, so the source of each number is auditable.
A4: Primary raw source | B4: Raw Scenario Times sheet, copied from logs/metrics/scenario_times.csv.
A5: Formula sheets | B5: Run Totals, Runtime Summary, Phase Summary, Improvement Summary, Dashboard.
A6: Formula color | B6: Yellow cells contain formulas. Green cells contain raw or manually listed scenario dimensions.
A7: Total runtime logic | B7: ETL total = spark_etl_total. ELT/Hybrid total = Spark phase + dbt_transform.
A8: Spark phase logic | B8: ETL=spark_etl_total; ELT=spark_extract_load; Hybrid=spark_extract_clean_load.
A9: Std meaning | B9: STDEV.S across run1, run2, and run3 for the same architecture/format.
A10: Parsed reference sheets | B10: Spark Metrics Summary, DBT Mart Summary, and Resource Summary are included as parsed reference values.
A11: Caveat | B11: Resource summary is recovered from resource_samples; use runtime, dbt, and Spark event metrics as the primary evidence.
A12: Generated file | B12: tpch_sf5_formula_analysis.xlsx
A13: Scale factor | B13: sf5

Sheet Raw Scenario Times
A1: timestamp | B1: scale_factor | C1: architecture | D1: format | E1: run | F1: phase | G1: elapsed_seconds | H1: status | I1: log_file
A2: 2026-06-26 01:37:21 | B2: sf5 | C2: SYSTEM | D2: none | E2: 0 | F2: dbt_debug | G2: 3.218 | H2: 0 | I2: /Users/lpurwito/Documents/personal/etl-elt-performance-benchmark/logs/overnight/dbt_debug.log
A3: 2026-06-26 01:37:51 | B3: sf5 | C3: ETL | D3: csv | E3: 1 | F3: spark_etl_total | G3: 30.41 | H3: 0 | I3: /Users/lpurwito/Documents/personal/etl-elt-performance-benchmark/logs/overnight/etl_csv_run1.log
A4: 2026-06-26 01:42:27 | B4: sf5 | C4: ELT | D4: csv | E4: 1 | F4: spark_extract_load | G4: 275.824 | H4: 0 | I4: /Users/lpurwito/Documents/personal/etl-elt-performance-benchmark/logs/overnight/elt_load_csv_run1.log
A5: 2026-06-26 01:44:30 | B5: sf5 | C5: ELT | D5: csv | E5: 1 | F5: dbt_transform | G5: 122.479 | H5: 0 | I5: /Users/lpurwito/Documents/personal/etl-elt-performance-benchmark/logs/overnight/elt_dbt_csv_run1.log
A6: 2026-06-26 01:47:07 | B6: sf5 | C6: Hybrid | D6: csv | E6: 1 | F6: spark_extract_clean_load | G6: 157.353 | H6: 0 | I6: /Users/lpurwito/Documents/personal/etl-elt-performance-benchmark/logs/overnight/hybrid_load_csv_run1.log
A7: 2026-06-26 01:48:08 | B7: sf5 | C7: Hybrid | D7: csv | E7: 1 | F7: dbt_transform | G7: 61.019 | H7: 0 | I7: /Users/lpurwito/Documents/personal/etl-elt-performance-benchmark/logs/overnight/hybrid_dbt_csv_run1.log
A8: 2026-06-26 01:49:11 | B8: sf5 | C8: ETL | D8: jsonl | E8: 1 | F8: spark_etl_total | G8: 62.078 | H8: 0 | I8: /Users/lpurwito/Documents/personal/etl-elt-performance-benchmark/logs/overnight/etl_jsonl_run1.log
A9: 2026-06-26 01:54:28 | B9: sf5 | C9: ELT | D9: jsonl | E9: 1 | F9: spark_extract_load | G9: 314.457 | H9: 0 | I9: /Users/lpurwito/Documents/personal/etl-elt-performance-benchmark/logs/overnight/elt_load_jsonl_run1.log
A10: 2026-06-26 01:56:40 | B10: sf5 | C10: ELT | D10: jsonl | E10: 1 | F10: dbt_transform | G10: 132.715 | H10: 0 | I10: /Users/lpurwito/Documents/personal/etl-elt-performance-benchmark/logs/overnight/elt_dbt_jsonl_run1.log
A11: 2026-06-26 01:59:20 | B11: sf5 | C11: Hybrid | D11: jsonl | E11: 1 | F11: spark_extract_clean_load | G11: 157.614 | H11: 0 | I11: /Users/lpurwito/Documents/personal/etl-elt-performance-benchmark/logs/overnight/hybrid_load_jsonl_run1.log
A12: 2026-06-26 02:00:11 | B12: sf5 | C12: Hybrid | D12: jsonl | E12: 1 | F12: dbt_transform | G12: 51.424 | H12: 0 | I12: /Users/lpurwito/Documents/personal/etl-elt-performance-benchmark/logs/overnight/hybrid_dbt_jsonl_run1.log
A13: 2026-06-26 02:00:23 | B13: sf5 | C13: ETL | D13: parquet | E13: 1 | F13: spark_etl_total | G13: 11.796 | H13: 0 | I13: /Users/lpurwito/Documents/personal/etl-elt-performance-benchmark/logs/overnight/etl_parquet_run1.log
... A47: 2026-06-26 03:12:46 | B47: sf5 | C47: Hybrid | D47: parquet | E47: 3 | F47: dbt_transform | G47: 57.524 | H47: 0 | I47: /Users/lpurwito/Documents/personal/etl-elt-performance-benchmark/logs/overnight/hybrid_dbt_parquet_run3.log

Sheet Run Totals
A1: scale_factor | B1: architecture | C1: format | D1: run | E1: spark_phase | F1: spark_time_s | G1: dbt_time_s | H1: total_time_s | I1: formula_notes
A2: sf5 | B2: ETL | C2: csv | D2: 1 | E2: =IF($B2="ETL","spark_etl_total",IF($B2="ELT","spark_extract_load","spark_extract_clean_load")) -> spark_etl_total | F2: =SUMIFS('Raw Scenario Times'!$G$2:$G$47,'Raw Scenario Times'!$B$2:$B$47,$A2,'Raw Scenario Times'!$C$2:$C$47,$B2,'Raw Scenario Times'!$D$2:$D$47,$C2,'Raw Scenario Times'!$E$2:$E$47,$D2,'Raw Scenario Times'!$F$2:$F$47,$E2) -> 30.41 | G2: =IF($B2="ETL",0,SUMIFS('Raw Scenario Times'!$G$2:$G$47,'Raw Scenario Times'!$B$2:$B$47,$A2,'Raw Scenario Times'!$C$2:$C$47,$B2,'Raw Scenario Times'!$D$2:$D$47,$C2,'Raw Scenario Times'!$E$2:$E$47,$D2,'Raw Scenario Times'!$F$2:$F$47,"dbt_transform")) -> 0 | H2: =F2+G2 -> 30.41 | I2: Formula-driven from Raw Scenario Times
A3: sf5 | B3: ETL | C3: csv | D3: 2 | E3: =IF($B3="ETL","spark_etl_total",IF($B3="ELT","spark_extract_load","spark_extract_clean_load")) -> spark_etl_total | F3: =SUMIFS('Raw Scenario Times'!$G$2:$G$47,'Raw Scenario Times'!$B$2:$B$47,$A3,'Raw Scenario Times'!$C$2:$C$47,$B3,'Raw Scenario Times'!$D$2:$D$47,$C3,'Raw Scenario Times'!$E$2:$E$47,$D3,'Raw Scenario Times'!$F$2:$F$47,$E3) -> 34.153 | G3: =IF($B3="ETL",0,SUMIFS('Raw Scenario Times'!$G$2:$G$47,'Raw Scenario Times'!$B$2:$B$47,$A3,'Raw Scenario Times'!$C$2:$C$47,$B3,'Raw Scenario Times'!$D$2:$D$47,$C3,'Raw Scenario Times'!$E$2:$E$47,$D3,'Raw Scenario Times'!$F$2:$F$47,"dbt_transform")) -> 0 | H3: =F3+G3 -> 34.153 | I3: Formula-driven from Raw Scenario Times
A4: sf5 | B4: ETL | C4: csv | D4: 3 | E4: =IF($B4="ETL","spark_etl_total",IF($B4="ELT","spark_extract_load","spark_extract_clean_load")) -> spark_etl_total | F4: =SUMIFS('Raw Scenario Times'!$G$2:$G$47,'Raw Scenario Times'!$B$2:$B$47,$A4,'Raw Scenario Times'!$C$2:$C$47,$B4,'Raw Scenario Times'!$D$2:$D$47,$C4,'Raw Scenario Times'!$E$2:$E$47,$D4,'Raw Scenario Times'!$F$2:$F$47,$E4) -> 32.921 | G4: =IF($B4="ETL",0,SUMIFS('Raw Scenario Times'!$G$2:$G$47,'Raw Scenario Times'!$B$2:$B$47,$A4,'Raw Scenario Times'!$C$2:$C$47,$B4,'Raw Scenario Times'!$D$2:$D$47,$C4,'Raw Scenario Times'!$E$2:$E$47,$D4,'Raw Scenario Times'!$F$2:$F$47,"dbt_transform")) -> 0 | H4: =F4+G4 -> 32.921 | I4: Formula-driven from Raw Scenario Times
A5: sf5 | B5: ETL | C5: jsonl | D5: 1 | E5: =IF($B5="ETL","spark_etl_total",IF($B5="ELT","spark_extract_load","spark_extract_clean_load")) -> spark_etl_total | F5: =SUMIFS('Raw Scenario Times'!$G$2:$G$47,'Raw Scenario Times'!$B$2:$B$47,$A5,'Raw Scenario Times'!$C$2:$C$47,$B5,'Raw Scenario Times'!$D$2:$D$47,$C5,'Raw Scenario Times'!$E$2:$E$47,$D5,'Raw Scenario Times'!$F$2:$F$47,$E5) -> 62.078 | G5: =IF($B5="ETL",0,SUMIFS('Raw Scenario Times'!$G$2:$G$47,'Raw Scenario Times'!$B$2:$B$47,$A5,'Raw Scenario Times'!$C$2:$C$47,$B5,'Raw Scenario Times'!$D$2:$D$47,$C5,'Raw Scenario Times'!$E$2:$E$47,$D5,'Raw Scenario Times'!$F$2:$F$47,"dbt_transform")) -> 0 | H5: =F5+G5 -> 62.078 | I5: Formula-driven from Raw Scenario Times
A6: sf5 | B6: ETL | C6: jsonl | D6: 2 | E6: =IF($B6="ETL","spark_etl_total",IF($B6="ELT","spark_extract_load","spark_extract_clean_load")) -> spark_etl_total | F6: =SUMIFS('Raw Scenario Times'!$G$2:$G$47,'Raw Scenario Times'!$B$2:$B$47,$A6,'Raw Scenario Times'!$C$2:$C$47,$B6,'Raw Scenario Times'!$D$2:$D$47,$C6,'Raw Scenario Times'!$E$2:$E$47,$D6,'Raw Scenario Times'!$F$2:$F$47,$E6) -> 54.921 | G6: =IF($B6="ETL",0,SUMIFS('Raw Scenario Times'!$G$2:$G$47,'Raw Scenario Times'!$B$2:$B$47,$A6,'Raw Scenario Times'!$C$2:$C$47,$B6,'Raw Scenario Times'!$D$2:$D$47,$C6,'Raw Scenario Times'!$E$2:$E$47,$D6,'Raw Scenario Times'!$F$2:$F$47,"dbt_transform")) -> 0 | H6: =F6+G6 -> 54.921 | I6: Formula-driven from Raw Scenario Times
A7: sf5 | B7: ETL | C7: jsonl | D7: 3 | E7: =IF($B7="ETL","spark_etl_total",IF($B7="ELT","spark_extract_load","spark_extract_clean_load")) -> spark_etl_total | F7: =SUMIFS('Raw Scenario Times'!$G$2:$G$47,'Raw Scenario Times'!$B$2:$B$47,$A7,'Raw Scenario Times'!$C$2:$C$47,$B7,'Raw Scenario Times'!$D$2:$D$47,$C7,'Raw Scenario Times'!$E$2:$E$47,$D7,'Raw Scenario Times'!$F$2:$F$47,$E7) -> 54.036 | G7: =IF($B7="ETL",0,SUMIFS('Raw Scenario Times'!$G$2:$G$47,'Raw Scenario Times'!$B$2:$B$47,$A7,'Raw Scenario Times'!$C$2:$C$47,$B7,'Raw Scenario Times'!$D$2:$D$47,$C7,'Raw Scenario Times'!$E$2:$E$47,$D7,'Raw Scenario Times'!$F$2:$F$47,"dbt_transform")) -> 0 | H7: =F7+G7 -> 54.036 | I7: Formula-driven from Raw Scenario Times
A8: sf5 | B8: ETL | C8: parquet | D8: 1 | E8: =IF($B8="ETL","spark_etl_total",IF($B8="ELT","spark_extract_load","spark_extract_clean_load")) -> spark_etl_total | F8: =SUMIFS('Raw Scenario Times'!$G$2:$G$47,'Raw Scenario Times'!$B$2:$B$47,$A8,'Raw Scenario Times'!$C$2:$C$47,$B8,'Raw Scenario Times'!$D$2:$D$47,$C8,'Raw Scenario Times'!$E$2:$E$47,$D8,'Raw Scenario Times'!$F$2:$F$47,$E8) -> 11.796 | G8: =IF($B8="ETL",0,SUMIFS('Raw Scenario Times'!$G$2:$G$47,'Raw Scenario Times'!$B$2:$B$47,$A8,'Raw Scenario Times'!$C$2:$C$47,$B8,'Raw Scenario Times'!$D$2:$D$47,$C8,'Raw Scenario Times'!$E$2:$E$47,$D8,'Raw Scenario Times'!$F$2:$F$47,"dbt_transform")) -> 0 | H8: =F8+G8 -> 11.796 | I8: Formula-driven from Raw Scenario Times
A9: sf5 | B9: ETL | C9: parquet | D9: 2 | E9: =IF($B9="ETL","spark_etl_total",IF($B9="ELT","spark_extract_load","spark_extract_clean_load")) -> spark_etl_total | F9: =SUMIFS('Raw Scenario Times'!$G$2:$G$47,'Raw Scenario Times'!$B$2:$B$47,$A9,'Raw Scenario Times'!$C$2:$C$47,$B9,'Raw Scenario Times'!$D$2:$D$47,$C9,'Raw Scenario Times'!$E$2:$E$47,$D9,'Raw Scenario Times'!$F$2:$F$47,$E9) -> 13.276 | G9: =IF($B9="ETL",0,SUMIFS('Raw Scenario Times'!$G$2:$G$47,'Raw Scenario Times'!$B$2:$B$47,$A9,'Raw Scenario Times'!$C$2:$C$47,$B9,'Raw Scenario Times'!$D$2:$D$47,$C9,'Raw Scenario Times'!$E$2:$E$47,$D9,'Raw Scenario Times'!$F$2:$F$47,"dbt_transform")) -> 0 | H9: =F9+G9 -> 13.276 | I9: Formula-driven from Raw Scenario Times
A10: sf5 | B10: ETL | C10: parquet | D10: 3 | E10: =IF($B10="ETL","spark_etl_total",IF($B10="ELT","spark_extract_load","spark_extract_clean_load")) -> spark_etl_total | F10: =SUMIFS('Raw Scenario Times'!$G$2:$G$47,'Raw Scenario Times'!$B$2:$B$47,$A10,'Raw Scenario Times'!$C$2:$C$47,$B10,'Raw Scenario Times'!$D$2:$D$47,$C10,'Raw Scenario Times'!$E$2:$E$47,$D10,'Raw Scenario Times'!$F$2:$F$47,$E10) -> 13.366 | G10: =IF($B10="ETL",0,SUMIFS('Raw Scenario Times'!$G$2:$G$47,'Raw Scenario Times'!$B$2:$B$47,$A10,'Raw Scenario Times'!$C$2:$C$47,$B10,'Raw Scenario Times'!$D$2:$D$47,$C10,'Raw Scenario Times'!$E$2:$E$47,$D10,'Raw Scenario Times'!$F$2:$F$47,"dbt_transform")) -> 0 | H10: =F10+G10 -> 13.366 | I10: Formula-driven from Raw Scenario Times
A11: sf5 | B11: ELT | C11: csv | D11: 1 | E11: =IF($B11="ETL","spark_etl_total",IF($B11="ELT","spark_extract_load","spark_extract_clean_load")) -> spark_extract_load | F11: =SUMIFS('Raw Scenario Times'!$G$2:$G$47,'Raw Scenario Times'!$B$2:$B$47,$A11,'Raw Scenario Times'!$C$2:$C$47,$B11,'Raw Scenario Times'!$D$2:$D$47,$C11,'Raw Scenario Times'!$E$2:$E$47,$D11,'Raw Scenario Times'!$F$2:$F$47,$E11) -> 275.824 | G11: =IF($B11="ETL",0,SUMIFS('Raw Scenario Times'!$G$2:$G$47,'Raw Scenario Times'!$B$2:$B$47,$A11,'Raw Scenario Times'!$C$2:$C$47,$B11,'Raw Scenario Times'!$D$2:$D$47,$C11,'Raw Scenario Times'!$E$2:$E$47,$D11,'Raw Scenario Times'!$F$2:$F$47,"dbt_transform")) -> 122.479 | H11: =F11+G11 -> 398.303 | I11: Formula-driven from Raw Scenario Times
A12: sf5 | B12: ELT | C12: csv | D12: 2 | E12: =IF($B12="ETL","spark_etl_total",IF($B12="ELT","spark_extract_load","spark_extract_clean_load")) -> spark_extract_load | F12: =SUMIFS('Raw Scenario Times'!$G$2:$G$47,'Raw Scenario Times'!$B$2:$B$47,$A12,'Raw Scenario Times'!$C$2:$C$47,$B12,'Raw Scenario Times'!$D$2:$D$47,$C12,'Raw Scenario Times'!$E$2:$E$47,$D12,'Raw Scenario Times'!$F$2:$F$47,$E12) -> 243.318 | G12: =IF($B12="ETL",0,SUMIFS('Raw Scenario Times'!$G$2:$G$47,'Raw Scenario Times'!$B$2:$B$47,$A12,'Raw Scenario Times'!$C$2:$C$47,$B12,'Raw Scenario Times'!$D$2:$D$47,$C12,'Raw Scenario Times'!$E$2:$E$47,$D12,'Raw Scenario Times'!$F$2:$F$47,"dbt_transform")) -> 139.609 | H12: =F12+G12 -> 382.927 | I12: Formula-driven from Raw Scenario Times
A13: sf5 | B13: ELT | C13: csv | D13: 3 | E13: =IF($B13="ETL","spark_etl_total",IF($B13="ELT","spark_extract_load","spark_extract_clean_load")) -> spark_extract_load | F13: =SUMIFS('Raw Scenario Times'!$G$2:$G$47,'Raw Scenario Times'!$B$2:$B$47,$A13,'Raw Scenario Times'!$C$2:$C$47,$B13,'Raw Scenario Times'!$D$2:$D$47,$C13,'Raw Scenario Times'!$E$2:$E$47,$D13,'Raw Scenario Times'!$F$2:$F$47,$E13) -> 260.177 | G13: =IF($B13="ETL",0,SUMIFS('Raw Scenario Times'!$G$2:$G$47,'Raw Scenario Times'!$B$2:$B$47,$A13,'Raw Scenario Times'!$C$2:$C$47,$B13,'Raw Scenario Times'!$D$2:$D$47,$C13,'Raw Scenario Times'!$E$2:$E$47,$D13,'Raw Scenario Times'!$F$2:$F$47,"dbt_transform")) -> 183.36 | H13: =F13+G13 -> 443.537 | I13: Formula-driven from Raw Scenario Times
... A28: sf5 | B28: Hybrid | C28: parquet | D28: 3 | E28: =IF($B28="ETL","spark_etl_total",IF($B28="ELT","spark_extract_load","spark_extract_clean_load")) -> spark_extract_clean_load | F28: =SUMIFS('Raw Scenario Times'!$G$2:$G$47,'Raw Scenario Times'!$B$2:$B$47,$A28,'Raw Scenario Times'!$C$2:$C$47,$B28,'Raw Scenario Times'!$D$2:$D$47,$C28,'Raw Scenario Times'!$E$2:$E$47,$D28,'Raw Scenario Times'!$F$2:$F$47,$E28) -> 88.64 | G28: =IF($B28="ETL",0,SUMIFS('Raw Scenario Times'!$G$2:$G$47,'Raw Scenario Times'!$B$2:$B$47,$A28,'Raw Scenario Times'!$C$2:$C$47,$B28,'Raw Scenario Times'!$D$2:$D$47,$C28,'Raw Scenario Times'!$E$2:$E$47,$D28,'Raw Scenario Times'!$F$2:$F$47,"dbt_transform")) -> 57.524 | H28: =F28+G28 -> 146.164 | I28: Formula-driven from Raw Scenario Times

Sheet Runtime Summary
A1: architecture | B1: format | C1: run1_total_s | D1: run2_total_s | E1: run3_total_s | F1: count | G1: mean_s | H1: std_s | I1: min_s | J1: max_s | K1: audit_formula_source
A2: ETL | B2: csv | C2: =SUMIFS('Run Totals'!$H$2:$H$28,'Run Totals'!$B$2:$B$28,$A2,'Run Totals'!$C$2:$C$28,$B2,'Run Totals'!$D$2:$D$28,1) -> 30.41 | D2: =SUMIFS('Run Totals'!$H$2:$H$28,'Run Totals'!$B$2:$B$28,$A2,'Run Totals'!$C$2:$C$28,$B2,'Run Totals'!$D$2:$D$28,2) -> 34.153 | E2: =SUMIFS('Run Totals'!$H$2:$H$28,'Run Totals'!$B$2:$B$28,$A2,'Run Totals'!$C$2:$C$28,$B2,'Run Totals'!$D$2:$D$28,3) -> 32.921 | F2: =COUNT(C2:E2) -> 3 | G2: =AVERAGE(C2:E2) -> 32.494667 | H2: =_xludf.STDEV.S(C2:E2) -> #NAME? | I2: =MIN(C2:E2) -> 30.41 | J2: =MAX(C2:E2) -> 34.153 | K2: Run total formulas reference Run Totals, which references Raw Scenario Times.
A3: ETL | B3: jsonl | C3: =SUMIFS('Run Totals'!$H$2:$H$28,'Run Totals'!$B$2:$B$28,$A3,'Run Totals'!$C$2:$C$28,$B3,'Run Totals'!$D$2:$D$28,1) -> 62.078 | D3: =SUMIFS('Run Totals'!$H$2:$H$28,'Run Totals'!$B$2:$B$28,$A3,'Run Totals'!$C$2:$C$28,$B3,'Run Totals'!$D$2:$D$28,2) -> 54.921 | E3: =SUMIFS('Run Totals'!$H$2:$H$28,'Run Totals'!$B$2:$B$28,$A3,'Run Totals'!$C$2:$C$28,$B3,'Run Totals'!$D$2:$D$28,3) -> 54.036 | F3: =COUNT(C3:E3) -> 3 | G3: =AVERAGE(C3:E3) -> 57.011667 | H3: =_xludf.STDEV.S(C3:E3) -> #NAME? | I3: =MIN(C3:E3) -> 54.036 | J3: =MAX(C3:E3) -> 62.078 | K3: Run total formulas reference Run Totals, which references Raw Scenario Times.
A4: ETL | B4: parquet | C4: =SUMIFS('Run Totals'!$H$2:$H$28,'Run Totals'!$B$2:$B$28,$A4,'Run Totals'!$C$2:$C$28,$B4,'Run Totals'!$D$2:$D$28,1) -> 11.796 | D4: =SUMIFS('Run Totals'!$H$2:$H$28,'Run Totals'!$B$2:$B$28,$A4,'Run Totals'!$C$2:$C$28,$B4,'Run Totals'!$D$2:$D$28,2) -> 13.276 | E4: =SUMIFS('Run Totals'!$H$2:$H$28,'Run Totals'!$B$2:$B$28,$A4,'Run Totals'!$C$2:$C$28,$B4,'Run Totals'!$D$2:$D$28,3) -> 13.366 | F4: =COUNT(C4:E4) -> 3 | G4: =AVERAGE(C4:E4) -> 12.812667 | H4: =_xludf.STDEV.S(C4:E4) -> #NAME? | I4: =MIN(C4:E4) -> 11.796 | J4: =MAX(C4:E4) -> 13.366 | K4: Run total formulas reference Run Totals, which references Raw Scenario Times.
A5: ELT | B5: csv | C5: =SUMIFS('Run Totals'!$H$2:$H$28,'Run Totals'!$B$2:$B$28,$A5,'Run Totals'!$C$2:$C$28,$B5,'Run Totals'!$D$2:$D$28,1) -> 398.303 | D5: =SUMIFS('Run Totals'!$H$2:$H$28,'Run Totals'!$B$2:$B$28,$A5,'Run Totals'!$C$2:$C$28,$B5,'Run Totals'!$D$2:$D$28,2) -> 382.927 | E5: =SUMIFS('Run Totals'!$H$2:$H$28,'Run Totals'!$B$2:$B$28,$A5,'Run Totals'!$C$2:$C$28,$B5,'Run Totals'!$D$2:$D$28,3) -> 443.537 | F5: =COUNT(C5:E5) -> 3 | G5: =AVERAGE(C5:E5) -> 408.25567 | H5: =_xludf.STDEV.S(C5:E5) -> #NAME? | I5: =MIN(C5:E5) -> 382.927 | J5: =MAX(C5:E5) -> 443.537 | K5: Run total formulas reference Run Totals, which references Raw Scenario Times.
A6: ELT | B6: jsonl | C6: =SUMIFS('Run Totals'!$H$2:$H$28,'Run Totals'!$B$2:$B$28,$A6,'Run Totals'!$C$2:$C$28,$B6,'Run Totals'!$D$2:$D$28,1) -> 447.172 | D6: =SUMIFS('Run Totals'!$H$2:$H$28,'Run Totals'!$B$2:$B$28,$A6,'Run Totals'!$C$2:$C$28,$B6,'Run Totals'!$D$2:$D$28,2) -> 473.69 | E6: =SUMIFS('Run Totals'!$H$2:$H$28,'Run Totals'!$B$2:$B$28,$A6,'Run Totals'!$C$2:$C$28,$B6,'Run Totals'!$D$2:$D$28,3) -> 434.777 | F6: =COUNT(C6:E6) -> 3 | G6: =AVERAGE(C6:E6) -> 451.87967 | H6: =_xludf.STDEV.S(C6:E6) -> #NAME? | I6: =MIN(C6:E6) -> 434.777 | J6: =MAX(C6:E6) -> 473.69 | K6: Run total formulas reference Run Totals, which references Raw Scenario Times.
A7: ELT | B7: parquet | C7: =SUMIFS('Run Totals'!$H$2:$H$28,'Run Totals'!$B$2:$B$28,$A7,'Run Totals'!$C$2:$C$28,$B7,'Run Totals'!$D$2:$D$28,1) -> 353.58 | D7: =SUMIFS('Run Totals'!$H$2:$H$28,'Run Totals'!$B$2:$B$28,$A7,'Run Totals'!$C$2:$C$28,$B7,'Run Totals'!$D$2:$D$28,2) -> 391.243 | E7: =SUMIFS('Run Totals'!$H$2:$H$28,'Run Totals'!$B$2:$B$28,$A7,'Run Totals'!$C$2:$C$28,$B7,'Run Totals'!$D$2:$D$28,3) -> 402.178 | F7: =COUNT(C7:E7) -> 3 | G7: =AVERAGE(C7:E7) -> 382.33367 | H7: =_xludf.STDEV.S(C7:E7) -> #NAME? | I7: =MIN(C7:E7) -> 353.58 | J7: =MAX(C7:E7) -> 402.178 | K7: Run total formulas reference Run Totals, which references Raw Scenario Times.
A8: Hybrid | B8: csv | C8: =SUMIFS('Run Totals'!$H$2:$H$28,'Run Totals'!$B$2:$B$28,$A8,'Run Totals'!$C$2:$C$28,$B8,'Run Totals'!$D$2:$D$28,1) -> 218.372 | D8: =SUMIFS('Run Totals'!$H$2:$H$28,'Run Totals'!$B$2:$B$28,$A8,'Run Totals'!$C$2:$C$28,$B8,'Run Totals'!$D$2:$D$28,2) -> 184.326 | E8: =SUMIFS('Run Totals'!$H$2:$H$28,'Run Totals'!$B$2:$B$28,$A8,'Run Totals'!$C$2:$C$28,$B8,'Run Totals'!$D$2:$D$28,3) -> 176.857 | F8: =COUNT(C8:E8) -> 3 | G8: =AVERAGE(C8:E8) -> 193.185 | H8: =_xludf.STDEV.S(C8:E8) -> #NAME? | I8: =MIN(C8:E8) -> 176.857 | J8: =MAX(C8:E8) -> 218.372 | K8: Run total formulas reference Run Totals, which references Raw Scenario Times.
A9: Hybrid | B9: jsonl | C9: =SUMIFS('Run Totals'!$H$2:$H$28,'Run Totals'!$B$2:$B$28,$A9,'Run Totals'!$C$2:$C$28,$B9,'Run Totals'!$D$2:$D$28,1) -> 209.038 | D9: =SUMIFS('Run Totals'!$H$2:$H$28,'Run Totals'!$B$2:$B$28,$A9,'Run Totals'!$C$2:$C$28,$B9,'Run Totals'!$D$2:$D$28,2) -> 205.853 | E9: =SUMIFS('Run Totals'!$H$2:$H$28,'Run Totals'!$B$2:$B$28,$A9,'Run Totals'!$C$2:$C$28,$B9,'Run Totals'!$D$2:$D$28,3) -> 206.421 | F9: =COUNT(C9:E9) -> 3 | G9: =AVERAGE(C9:E9) -> 207.104 | H9: =_xludf.STDEV.S(C9:E9) -> #NAME? | I9: =MIN(C9:E9) -> 205.853 | J9: =MAX(C9:E9) -> 209.038 | K9: Run total formulas reference Run Totals, which references Raw Scenario Times.
A10: Hybrid | B10: parquet | C10: =SUMIFS('Run Totals'!$H$2:$H$28,'Run Totals'!$B$2:$B$28,$A10,'Run Totals'!$C$2:$C$28,$B10,'Run Totals'!$D$2:$D$28,1) -> 157.337 | D10: =SUMIFS('Run Totals'!$H$2:$H$28,'Run Totals'!$B$2:$B$28,$A10,'Run Totals'!$C$2:$C$28,$B10,'Run Totals'!$D$2:$D$28,2) -> 145.307 | E10: =SUMIFS('Run Totals'!$H$2:$H$28,'Run Totals'!$B$2:$B$28,$A10,'Run Totals'!$C$2:$C$28,$B10,'Run Totals'!$D$2:$D$28,3) -> 146.164 | F10: =COUNT(C10:E10) -> 3 | G10: =AVERAGE(C10:E10) -> 149.60267 | H10: =_xludf.STDEV.S(C10:E10) -> #NAME? | I10: =MIN(C10:E10) -> 145.307 | J10: =MAX(C10:E10) -> 157.337 | K10: Run total formulas reference Run Totals, which references Raw Scenario Times.

Sheet Phase Summary
A1: architecture | B1: format | C1: phase | D1: run1_s | E1: run2_s | F1: run3_s | G1: count | H1: mean_s | I1: std_s | J1: min_s | K1: max_s | L1: formula_source
A2: ETL | B2: csv | C2: spark_etl_total | D2: =SUMIFS('Raw Scenario Times'!$G$2:$G$47,'Raw Scenario Times'!$C$2:$C$47,$A2,'Raw Scenario Times'!$D$2:$D$47,$B2,'Raw Scenario Times'!$F$2:$F$47,$C2,'Raw Scenario Times'!$E$2:$E$47,1) -> 30.41 | E2: =SUMIFS('Raw Scenario Times'!$G$2:$G$47,'Raw Scenario Times'!$C$2:$C$47,$A2,'Raw Scenario Times'!$D$2:$D$47,$B2,'Raw Scenario Times'!$F$2:$F$47,$C2,'Raw Scenario Times'!$E$2:$E$47,2) -> 34.153 | F2: =SUMIFS('Raw Scenario Times'!$G$2:$G$47,'Raw Scenario Times'!$C$2:$C$47,$A2,'Raw Scenario Times'!$D$2:$D$47,$B2,'Raw Scenario Times'!$F$2:$F$47,$C2,'Raw Scenario Times'!$E$2:$E$47,3) -> 32.921 | G2: =COUNT(D2:F2) -> 3 | H2: =AVERAGE(D2:F2) -> 32.494667 | I2: =_xludf.STDEV.S(D2:F2) -> #NAME? | J2: =MIN(D2:F2) -> 30.41 | K2: =MAX(D2:F2) -> 34.153 | L2: SUMIFS against Raw Scenario Times by architecture, format, phase, and run.
A3: ELT | B3: csv | C3: spark_extract_load | D3: =SUMIFS('Raw Scenario Times'!$G$2:$G$47,'Raw Scenario Times'!$C$2:$C$47,$A3,'Raw Scenario Times'!$D$2:$D$47,$B3,'Raw Scenario Times'!$F$2:$F$47,$C3,'Raw Scenario Times'!$E$2:$E$47,1) -> 275.824 | E3: =SUMIFS('Raw Scenario Times'!$G$2:$G$47,'Raw Scenario Times'!$C$2:$C$47,$A3,'Raw Scenario Times'!$D$2:$D$47,$B3,'Raw Scenario Times'!$F$2:$F$47,$C3,'Raw Scenario Times'!$E$2:$E$47,2) -> 243.318 | F3: =SUMIFS('Raw Scenario Times'!$G$2:$G$47,'Raw Scenario Times'!$C$2:$C$47,$A3,'Raw Scenario Times'!$D$2:$D$47,$B3,'Raw Scenario Times'!$F$2:$F$47,$C3,'Raw Scenario Times'!$E$2:$E$47,3) -> 260.177 | G3: =COUNT(D3:F3) -> 3 | H3: =AVERAGE(D3:F3) -> 259.773 | I3: =_xludf.STDEV.S(D3:F3) -> #NAME? | J3: =MIN(D3:F3) -> 243.318 | K3: =MAX(D3:F3) -> 275.824 | L3: SUMIFS against Raw Scenario Times by architecture, format, phase, and run.
A4: ELT | B4: csv | C4: dbt_transform | D4: =SUMIFS('Raw Scenario Times'!$G$2:$G$47,'Raw Scenario Times'!$C$2:$C$47,$A4,'Raw Scenario Times'!$D$2:$D$47,$B4,'Raw Scenario Times'!$F$2:$F$47,$C4,'Raw Scenario Times'!$E$2:$E$47,1) -> 122.479 | E4: =SUMIFS('Raw Scenario Times'!$G$2:$G$47,'Raw Scenario Times'!$C$2:$C$47,$A4,'Raw Scenario Times'!$D$2:$D$47,$B4,'Raw Scenario Times'!$F$2:$F$47,$C4,'Raw Scenario Times'!$E$2:$E$47,2) -> 139.609 | F4: =SUMIFS('Raw Scenario Times'!$G$2:$G$47,'Raw Scenario Times'!$C$2:$C$47,$A4,'Raw Scenario Times'!$D$2:$D$47,$B4,'Raw Scenario Times'!$F$2:$F$47,$C4,'Raw Scenario Times'!$E$2:$E$47,3) -> 183.36 | G4: =COUNT(D4:F4) -> 3 | H4: =AVERAGE(D4:F4) -> 148.48267 | I4: =_xludf.STDEV.S(D4:F4) -> #NAME? | J4: =MIN(D4:F4) -> 122.479 | K4: =MAX(D4:F4) -> 183.36 | L4: SUMIFS against Raw Scenario Times by architecture, format, phase, and run.
A5: Hybrid | B5: csv | C5: spark_extract_clean_load | D5: =SUMIFS('Raw Scenario Times'!$G$2:$G$47,'Raw Scenario Times'!$C$2:$C$47,$A5,'Raw Scenario Times'!$D$2:$D$47,$B5,'Raw Scenario Times'!$F$2:$F$47,$C5,'Raw Scenario Times'!$E$2:$E$47,1) -> 157.353 | E5: =SUMIFS('Raw Scenario Times'!$G$2:$G$47,'Raw Scenario Times'!$C$2:$C$47,$A5,'Raw Scenario Times'!$D$2:$D$47,$B5,'Raw Scenario Times'!$F$2:$F$47,$C5,'Raw Scenario Times'!$E$2:$E$47,2) -> 128.727 | F5: =SUMIFS('Raw Scenario Times'!$G$2:$G$47,'Raw Scenario Times'!$C$2:$C$47,$A5,'Raw Scenario Times'!$D$2:$D$47,$B5,'Raw Scenario Times'!$F$2:$F$47,$C5,'Raw Scenario Times'!$E$2:$E$47,3) -> 121.504 | G5: =COUNT(D5:F5) -> 3 | H5: =AVERAGE(D5:F5) -> 135.86133 | I5: =_xludf.STDEV.S(D5:F5) -> #NAME? | J5: =MIN(D5:F5) -> 121.504 | K5: =MAX(D5:F5) -> 157.353 | L5: SUMIFS against Raw Scenario Times by architecture, format, phase, and run.
A6: Hybrid | B6: csv | C6: dbt_transform | D6: =SUMIFS('Raw Scenario Times'!$G$2:$G$47,'Raw Scenario Times'!$C$2:$C$47,$A6,'Raw Scenario Times'!$D$2:$D$47,$B6,'Raw Scenario Times'!$F$2:$F$47,$C6,'Raw Scenario Times'!$E$2:$E$47,1) -> 61.019 | E6: =SUMIFS('Raw Scenario Times'!$G$2:$G$47,'Raw Scenario Times'!$C$2:$C$47,$A6,'Raw Scenario Times'!$D$2:$D$47,$B6,'Raw Scenario Times'!$F$2:$F$47,$C6,'Raw Scenario Times'!$E$2:$E$47,2) -> 55.599 | F6: =SUMIFS('Raw Scenario Times'!$G$2:$G$47,'Raw Scenario Times'!$C$2:$C$47,$A6,'Raw Scenario Times'!$D$2:$D$47,$B6,'Raw Scenario Times'!$F$2:$F$47,$C6,'Raw Scenario Times'!$E$2:$E$47,3) -> 55.353 | G6: =COUNT(D6:F6) -> 3 | H6: =AVERAGE(D6:F6) -> 57.323667 | I6: =_xludf.STDEV.S(D6:F6) -> #NAME? | J6: =MIN(D6:F6) -> 55.353 | K6: =MAX(D6:F6) -> 61.019 | L6: SUMIFS against Raw Scenario Times by architecture, format, phase, and run.
A7: ETL | B7: jsonl | C7: spark_etl_total | D7: =SUMIFS('Raw Scenario Times'!$G$2:$G$47,'Raw Scenario Times'!$C$2:$C$47,$A7,'Raw Scenario Times'!$D$2:$D$47,$B7,'Raw Scenario Times'!$F$2:$F$47,$C7,'Raw Scenario Times'!$E$2:$E$47,1) -> 62.078 | E7: =SUMIFS('Raw Scenario Times'!$G$2:$G$47,'Raw Scenario Times'!$C$2:$C$47,$A7,'Raw Scenario Times'!$D$2:$D$47,$B7,'Raw Scenario Times'!$F$2:$F$47,$C7,'Raw Scenario Times'!$E$2:$E$47,2) -> 54.921 | F7: =SUMIFS('Raw Scenario Times'!$G$2:$G$47,'Raw Scenario Times'!$C$2:$C$47,$A7,'Raw Scenario Times'!$D$2:$D$47,$B7,'Raw Scenario Times'!$F$2:$F$47,$C7,'Raw Scenario Times'!$E$2:$E$47,3) -> 54.036 | G7: =COUNT(D7:F7) -> 3 | H7: =AVERAGE(D7:F7) -> 57.011667 | I7: =_xludf.STDEV.S(D7:F7) -> #NAME? | J7: =MIN(D7:F7) -> 54.036 | K7: =MAX(D7:F7) -> 62.078 | L7: SUMIFS against Raw Scenario Times by architecture, format, phase, and run.
A8: ELT | B8: jsonl | C8: spark_extract_load | D8: =SUMIFS('Raw Scenario Times'!$G$2:$G$47,'Raw Scenario Times'!$C$2:$C$47,$A8,'Raw Scenario Times'!$D$2:$D$47,$B8,'Raw Scenario Times'!$F$2:$F$47,$C8,'Raw Scenario Times'!$E$2:$E$47,1) -> 314.457 | E8: =SUMIFS('Raw Scenario Times'!$G$2:$G$47,'Raw Scenario Times'!$C$2:$C$47,$A8,'Raw Scenario Times'!$D$2:$D$47,$B8,'Raw Scenario Times'!$F$2:$F$47,$C8,'Raw Scenario Times'!$E$2:$E$47,2) -> 292.362 | F8: =SUMIFS('Raw Scenario Times'!$G$2:$G$47,'Raw Scenario Times'!$C$2:$C$47,$A8,'Raw Scenario Times'!$D$2:$D$47,$B8,'Raw Scenario Times'!$F$2:$F$47,$C8,'Raw Scenario Times'!$E$2:$E$47,3) -> 283.472 | G8: =COUNT(D8:F8) -> 3 | H8: =AVERAGE(D8:F8) -> 296.76367 | I8: =_xludf.STDEV.S(D8:F8) -> #NAME? | J8: =MIN(D8:F8) -> 283.472 | K8: =MAX(D8:F8) -> 314.457 | L8: SUMIFS against Raw Scenario Times by architecture, format, phase, and run.
A9: ELT | B9: jsonl | C9: dbt_transform | D9: =SUMIFS('Raw Scenario Times'!$G$2:$G$47,'Raw Scenario Times'!$C$2:$C$47,$A9,'Raw Scenario Times'!$D$2:$D$47,$B9,'Raw Scenario Times'!$F$2:$F$47,$C9,'Raw Scenario Times'!$E$2:$E$47,1) -> 132.715 | E9: =SUMIFS('Raw Scenario Times'!$G$2:$G$47,'Raw Scenario Times'!$C$2:$C$47,$A9,'Raw Scenario Times'!$D$2:$D$47,$B9,'Raw Scenario Times'!$F$2:$F$47,$C9,'Raw Scenario Times'!$E$2:$E$47,2) -> 181.328 | F9: =SUMIFS('Raw Scenario Times'!$G$2:$G$47,'Raw Scenario Times'!$C$2:$C$47,$A9,'Raw Scenario Times'!$D$2:$D$47,$B9,'Raw Scenario Times'!$F$2:$F$47,$C9,'Raw Scenario Times'!$E$2:$E$47,3) -> 151.305 | G9: =COUNT(D9:F9) -> 3 | H9: =AVERAGE(D9:F9) -> 155.116 | I9: =_xludf.STDEV.S(D9:F9) -> #NAME? | J9: =MIN(D9:F9) -> 132.715 | K9: =MAX(D9:F9) -> 181.328 | L9: SUMIFS against Raw Scenario Times by architecture, format, phase, and run.
A10: Hybrid | B10: jsonl | C10: spark_extract_clean_load | D10: =SUMIFS('Raw Scenario Times'!$G$2:$G$47,'Raw Scenario Times'!$C$2:$C$47,$A10,'Raw Scenario Times'!$D$2:$D$47,$B10,'Raw Scenario Times'!$F$2:$F$47,$C10,'Raw Scenario Times'!$E$2:$E$47,1) -> 157.614 | E10: =SUMIFS('Raw Scenario Times'!$G$2:$G$47,'Raw Scenario Times'!$C$2:$C$47,$A10,'Raw Scenario Times'!$D$2:$D$47,$B10,'Raw Scenario Times'!$F$2:$F$47,$C10,'Raw Scenario Times'!$E$2:$E$47,2) -> 155.696 | F10: =SUMIFS('Raw Scenario Times'!$G$2:$G$47,'Raw Scenario Times'!$C$2:$C$47,$A10,'Raw Scenario Times'!$D$2:$D$47,$B10,'Raw Scenario Times'!$F$2:$F$47,$C10,'Raw Scenario Times'!$E$2:$E$47,3) -> 151.14 | G10: =COUNT(D10:F10) -> 3 | H10: =AVERAGE(D10:F10) -> 154.81667 | I10: =_xludf.STDEV.S(D10:F10) -> #NAME? | J10: =MIN(D10:F10) -> 151.14 | K10: =MAX(D10:F10) -> 157.614 | L10: SUMIFS against Raw Scenario Times by architecture, format, phase, and run.
A11: Hybrid | B11: jsonl | C11: dbt_transform | D11: =SUMIFS('Raw Scenario Times'!$G$2:$G$47,'Raw Scenario Times'!$C$2:$C$47,$A11,'Raw Scenario Times'!$D$2:$D$47,$B11,'Raw Scenario Times'!$F$2:$F$47,$C11,'Raw Scenario Times'!$E$2:$E$47,1) -> 51.424 | E11: =SUMIFS('Raw Scenario Times'!$G$2:$G$47,'Raw Scenario Times'!$C$2:$C$47,$A11,'Raw Scenario Times'!$D$2:$D$47,$B11,'Raw Scenario Times'!$F$2:$F$47,$C11,'Raw Scenario Times'!$E$2:$E$47,2) -> 50.157 | F11: =SUMIFS('Raw Scenario Times'!$G$2:$G$47,'Raw Scenario Times'!$C$2:$C$47,$A11,'Raw Scenario Times'!$D$2:$D$47,$B11,'Raw Scenario Times'!$F$2:$F$47,$C11,'Raw Scenario Times'!$E$2:$E$47,3) -> 55.281 | G11: =COUNT(D11:F11) -> 3 | H11: =AVERAGE(D11:F11) -> 52.287333 | I11: =_xludf.STDEV.S(D11:F11) -> #NAME? | J11: =MIN(D11:F11) -> 50.157 | K11: =MAX(D11:F11) -> 55.281 | L11: SUMIFS against Raw Scenario Times by architecture, format, phase, and run.
A12: ETL | B12: parquet | C12: spark_etl_total | D12: =SUMIFS('Raw Scenario Times'!$G$2:$G$47,'Raw Scenario Times'!$C$2:$C$47,$A12,'Raw Scenario Times'!$D$2:$D$47,$B12,'Raw Scenario Times'!$F$2:$F$47,$C12,'Raw Scenario Times'!$E$2:$E$47,1) -> 11.796 | E12: =SUMIFS('Raw Scenario Times'!$G$2:$G$47,'Raw Scenario Times'!$C$2:$C$47,$A12,'Raw Scenario Times'!$D$2:$D$47,$B12,'Raw Scenario Times'!$F$2:$F$47,$C12,'Raw Scenario Times'!$E$2:$E$47,2) -> 13.276 | F12: =SUMIFS('Raw Scenario Times'!$G$2:$G$47,'Raw Scenario Times'!$C$2:$C$47,$A12,'Raw Scenario Times'!$D$2:$D$47,$B12,'Raw Scenario Times'!$F$2:$F$47,$C12,'Raw Scenario Times'!$E$2:$E$47,3) -> 13.366 | G12: =COUNT(D12:F12) -> 3 | H12: =AVERAGE(D12:F12) -> 12.812667 | I12: =_xludf.STDEV.S(D12:F12) -> #NAME? | J12: =MIN(D12:F12) -> 11.796 | K12: =MAX(D12:F12) -> 13.366 | L12: SUMIFS against Raw Scenario Times by architecture, format, phase, and run.
A13: ELT | B13: parquet | C13: spark_extract_load | D13: =SUMIFS('Raw Scenario Times'!$G$2:$G$47,'Raw Scenario Times'!$C$2:$C$47,$A13,'Raw Scenario Times'!$D$2:$D$47,$B13,'Raw Scenario Times'!$F$2:$F$47,$C13,'Raw Scenario Times'!$E$2:$E$47,1) -> 222.711 | E13: =SUMIFS('Raw Scenario Times'!$G$2:$G$47,'Raw Scenario Times'!$C$2:$C$47,$A13,'Raw Scenario Times'!$D$2:$D$47,$B13,'Raw Scenario Times'!$F$2:$F$47,$C13,'Raw Scenario Times'!$E$2:$E$47,2) -> 228.899 | F13: =SUMIFS('Raw Scenario Times'!$G$2:$G$47,'Raw Scenario Times'!$C$2:$C$47,$A13,'Raw Scenario Times'!$D$2:$D$47,$B13,'Raw Scenario Times'!$F$2:$F$47,$C13,'Raw Scenario Times'!$E$2:$E$47,3) -> 239.552 | G13: =COUNT(D13:F13) -> 3 | H13: =AVERAGE(D13:F13) -> 230.38733 | I13: =_xludf.STDEV.S(D13:F13) -> #NAME? | J13: =MIN(D13:F13) -> 222.711 | K13: =MAX(D13:F13) -> 239.552 | L13: SUMIFS against Raw Scenario Times by architecture, format, phase, and run.
... A16: Hybrid | B16: parquet | C16: dbt_transform | D16: =SUMIFS('Raw Scenario Times'!$G$2:$G$47,'Raw Scenario Times'!$C$2:$C$47,$A16,'Raw Scenario Times'!$D$2:$D$47,$B16,'Raw Scenario Times'!$F$2:$F$47,$C16,'Raw Scenario Times'!$E$2:$E$47,1) -> 48.881 | E16: =SUMIFS('Raw Scenario Times'!$G$2:$G$47,'Raw Scenario Times'!$C$2:$C$47,$A16,'Raw Scenario Times'!$D$2:$D$47,$B16,'Raw Scenario Times'!$F$2:$F$47,$C16,'Raw Scenario Times'!$E$2:$E$47,2) -> 52.596 | F16: =SUMIFS('Raw Scenario Times'!$G$2:$G$47,'Raw Scenario Times'!$C$2:$C$47,$A16,'Raw Scenario Times'!$D$2:$D$47,$B16,'Raw Scenario Times'!$F$2:$F$47,$C16,'Raw Scenario Times'!$E$2:$E$47,3) -> 57.524 | G16: =COUNT(D16:F16) -> 3 | H16: =AVERAGE(D16:F16) -> 53.000333 | I16: =_xludf.STDEV.S(D16:F16) -> #NAME? | J16: =MIN(D16:F16) -> 48.881 | K16: =MAX(D16:F16) -> 57.524 | L16: SUMIFS against Raw Scenario Times by architecture, format, phase, and run.

Sheet Improvement Summary
A1: Formula-based improvement analysis
A3: format | B3: ELT_mean_s | C3: Hybrid_mean_s | D3: Hybrid faster than ELT
A4: csv | B4: =SUMIFS('Runtime Summary'!$G$2:$G$10,'Runtime Summary'!$A$2:$A$10,"ELT",'Runtime Summary'!$B$2:$B$10,$A4) -> 408.25567 | C4: =SUMIFS('Runtime Summary'!$G$2:$G$10,'Runtime Summary'!$A$2:$A$10,"Hybrid",'Runtime Summary'!$B$2:$B$10,$A4) -> 193.185 | D4: =IFERROR(1-C4/B4,0) -> 0.52680387
A5: jsonl | B5: =SUMIFS('Runtime Summary'!$G$2:$G$10,'Runtime Summary'!$A$2:$A$10,"ELT",'Runtime Summary'!$B$2:$B$10,$A5) -> 451.87967 | C5: =SUMIFS('Runtime Summary'!$G$2:$G$10,'Runtime Summary'!$A$2:$A$10,"Hybrid",'Runtime Summary'!$B$2:$B$10,$A5) -> 207.104 | D5: =IFERROR(1-C5/B5,0) -> 0.54168329
A6: parquet | B6: =SUMIFS('Runtime Summary'!$G$2:$G$10,'Runtime Summary'!$A$2:$A$10,"ELT",'Runtime Summary'!$B$2:$B$10,$A6) -> 382.33367 | C6: =SUMIFS('Runtime Summary'!$G$2:$G$10,'Runtime Summary'!$A$2:$A$10,"Hybrid",'Runtime Summary'!$B$2:$B$10,$A6) -> 149.60267 | D6: =IFERROR(1-C6/B6,0) -> 0.60871176
A9: architecture | B9: CSV_mean_s | C9: Parquet_mean_s | D9: Parquet faster than CSV | E9: JSONL overhead vs CSV
A10: ETL | B10: =SUMIFS('Runtime Summary'!$G$2:$G$10,'Runtime Summary'!$A$2:$A$10,$A10,'Runtime Summary'!$B$2:$B$10,"csv") -> 32.494667 | C10: =SUMIFS('Runtime Summary'!$G$2:$G$10,'Runtime Summary'!$A$2:$A$10,$A10,'Runtime Summary'!$B$2:$B$10,"parquet") -> 12.812667 | D10: =IFERROR(1-C10/B10,0) -> 0.6056994 | E10: =IFERROR(SUMIFS('Runtime Summary'!$G$2:$G$10,'Runtime Summary'!$A$2:$A$10,$A10,'Runtime Summary'!$B$2:$B$10,"jsonl")/B10-1,0) -> 0.75449305
A11: ELT | B11: =SUMIFS('Runtime Summary'!$G$2:$G$10,'Runtime Summary'!$A$2:$A$10,$A11,'Runtime Summary'!$B$2:$B$10,"csv") -> 408.25567 | C11: =SUMIFS('Runtime Summary'!$G$2:$G$10,'Runtime Summary'!$A$2:$A$10,$A11,'Runtime Summary'!$B$2:$B$10,"parquet") -> 382.33367 | D11: =IFERROR(1-C11/B11,0) -> 0.063494526 | E11: =IFERROR(SUMIFS('Runtime Summary'!$G$2:$G$10,'Runtime Summary'!$A$2:$A$10,$A11,'Runtime Summary'!$B$2:$B$10,"jsonl")/B11-1,0) -> 0.10685461
A12: Hybrid | B12: =SUMIFS('Runtime Summary'!$G$2:$G$10,'Runtime Summary'!$A$2:$A$10,$A12,'Runtime Summary'!$B$2:$B$10,"csv") -> 193.185 | C12: =SUMIFS('Runtime Summary'!$G$2:$G$10,'Runtime Summary'!$A$2:$A$10,$A12,'Runtime Summary'!$B$2:$B$10,"parquet") -> 149.60267 | D12: =IFERROR(1-C12/B12,0) -> 0.22559895 | E12: =IFERROR(SUMIFS('Runtime Summary'!$G$2:$G$10,'Runtime Summary'!$A$2:$A$10,$A12,'Runtime Summary'!$B$2:$B$10,"jsonl")/B12-1,0) -> 0.072050107

Sheet Dashboard
A1: TPC-H SF5 Experiment Dashboard (Formula-Driven)
A3: Fastest mean scenario | B3: =INDEX('Runtime Summary'!$A$2:$A$10,MATCH(B4,'Runtime Summary'!$G$2:$G$10,0))&" "&INDEX('Runtime Summary'!$B$2:$B$10,MATCH(B4,'Runtime Summary'!$G$2:$G$10,0)) -> ETL parquet
A4: Fastest mean time (s) | B4: =MIN('Runtime Summary'!$G$2:$G$10) -> 12.812667
A5: Slowest mean scenario | B5: =INDEX('Runtime Summary'!$A$2:$A$10,MATCH(B6,'Runtime Summary'!$G$2:$G$10,0))&" "&INDEX('Runtime Summary'!$B$2:$B$10,MATCH(B6,'Runtime Summary'!$G$2:$G$10,0)) -> ELT jsonl
A6: Slowest mean time (s) | B6: =MAX('Runtime Summary'!$G$2:$G$10) -> 451.87967
A8: Architecture | B8: CSV mean_s | C8: JSONL mean_s | D8: Parquet mean_s
A9: ETL | B9: =SUMIFS('Runtime Summary'!$G$2:$G$10,'Runtime Summary'!$A$2:$A$10,$A9,'Runtime Summary'!$B$2:$B$10,"csv") -> 32.494667 | C9: =SUMIFS('Runtime Summary'!$G$2:$G$10,'Runtime Summary'!$A$2:$A$10,$A9,'Runtime Summary'!$B$2:$B$10,"jsonl") -> 57.011667 | D9: =SUMIFS('Runtime Summary'!$G$2:$G$10,'Runtime Summary'!$A$2:$A$10,$A9,'Runtime Summary'!$B$2:$B$10,"parquet") -> 12.812667
A10: ELT | B10: =SUMIFS('Runtime Summary'!$G$2:$G$10,'Runtime Summary'!$A$2:$A$10,$A10,'Runtime Summary'!$B$2:$B$10,"csv") -> 408.25567 | C10: =SUMIFS('Runtime Summary'!$G$2:$G$10,'Runtime Summary'!$A$2:$A$10,$A10,'Runtime Summary'!$B$2:$B$10,"jsonl") -> 451.87967 | D10: =SUMIFS('Runtime Summary'!$G$2:$G$10,'Runtime Summary'!$A$2:$A$10,$A10,'Runtime Summary'!$B$2:$B$10,"parquet") -> 382.33367
A11: Hybrid | B11: =SUMIFS('Runtime Summary'!$G$2:$G$10,'Runtime Summary'!$A$2:$A$10,$A11,'Runtime Summary'!$B$2:$B$10,"csv") -> 193.185 | C11: =SUMIFS('Runtime Summary'!$G$2:$G$10,'Runtime Summary'!$A$2:$A$10,$A11,'Runtime Summary'!$B$2:$B$10,"jsonl") -> 207.104 | D11: =SUMIFS('Runtime Summary'!$G$2:$G$10,'Runtime Summary'!$A$2:$A$10,$A11,'Runtime Summary'!$B$2:$B$10,"parquet") -> 149.60267
A14: Format | B14: ELT mean_s | C14: Hybrid mean_s | D14: Hybrid faster than ELT
A15: csv | B15: =SUMIFS('Runtime Summary'!$G$2:$G$10,'Runtime Summary'!$A$2:$A$10,"ELT",'Runtime Summary'!$B$2:$B$10,$A4) -> 0 | C15: =SUMIFS('Runtime Summary'!$G$2:$G$10,'Runtime Summary'!$A$2:$A$10,"Hybrid",'Runtime Summary'!$B$2:$B$10,$A4) -> 0 | D15: =IFERROR(1-C4/B4,0) -> 1
A16: jsonl | B16: =SUMIFS('Runtime Summary'!$G$2:$G$10,'Runtime Summary'!$A$2:$A$10,"ELT",'Runtime Summary'!$B$2:$B$10,$A5) -> 0 | C16: =SUMIFS('Runtime Summary'!$G$2:$G$10,'Runtime Summary'!$A$2:$A$10,"Hybrid",'Runtime Summary'!$B$2:$B$10,$A5) -> 0 | D16: =IFERROR(1-C5/B5,0) -> 0
A17: parquet | B17: =SUMIFS('Runtime Summary'!$G$2:$G$10,'Runtime Summary'!$A$2:$A$10,"ELT",'Runtime Summary'!$B$2:$B$10,$A6) -> 0 | C17: =SUMIFS('Runtime Summary'!$G$2:$G$10,'Runtime Summary'!$A$2:$A$10,"Hybrid",'Runtime Summary'!$B$2:$B$10,$A6) -> 0 | D17: =IFERROR(1-C6/B6,0) -> 1

Sheet Spark Metrics Summary
A1: architecture | B1: format | C1: input_bytes | D1: input_records | E1: shuffle_read_bytes | F1: shuffle_write_bytes | G1: memory_bytes_spilled | H1: disk_bytes_spilled | I1: executor_runtime_ms | J1: executor_cpu_ns | K1: jvm_gc_time_ms | L1: peak_execution_memory | M1: output_records | N1: input_mb | O1: shuffle_read_mb | P1: shuffle_write_mb | Q1: memory_bytes_spilled_mb | R1: disk_bytes_spilled_mb | S1: peak_execution_memory_mb
A2: ELT | B2: csv | C2: 5586079246 | D2: 42549826 | E2: 0 | F2: 0 | G2: 0 | H2: 0 | I2: 1925006.3 | J2: 1.6257995e+11 | K2: 12276 | L2: 0 | M2: 42549820 | N2: 5327.3003 | O2: 0 | P2: 0 | Q2: 0 | R2: 0 | S2: 0
A3: ELT | B3: jsonl | C3: 29460009646 | D3: 85099640 | E3: 0 | F3: 0 | G3: 0 | H3: 0 | I3: 2256881 | J3: 246046743000 | K3: 16549 | L3: 0 | M3: 42549820 | N3: 28095.255 | O3: 0 | P3: 0 | Q3: 0 | R3: 0 | S3: 0
A4: ELT | B4: parquet | C4: 1639249826 | D4: 42549820 | E4: 0 | F4: 0 | G4: 0 | H4: 0 | I4: 1695066.7 | J4: 1.5033071e+11 | K4: 15529 | L4: 0 | M4: 42549820 | N4: 1563.3105 | O4: 0 | P4: 0 | Q4: 0 | R4: 0 | S4: 0
A5: ETL | B5: csv | C5: 5586079246 | D5: 42549826 | E5: 1436498650 | F5: 1436421325 | G5: 50331584 | H5: 18867254 | I5: 181644 | J5: 8.9145667e+10 | K5: 1795.3333 | L5: 4068602784 | M5: 175 | N5: 5327.3003 | O5: 1369.9519 | P5: 1369.8781 | Q5: 47.999939 | R5: 17.993216 | S5: 3880.122
A6: ETL | B6: jsonl | C6: 29460009646 | D6: 85099640 | E6: 1099873072 | F6: 1099806857 | G6: 0 | H6: 0 | I6: 387803.67 | J6: 168912160000 | K6: 4499.6667 | L6: 3036913160 | M6: 175 | N6: 28095.255 | O6: 1048.9207 | P6: 1048.8576 | Q6: 0 | R6: 0 | S6: 2896.2261
A7: ETL | B7: parquet | C7: 618253899 | D7: 42549820 | E7: 236298883 | F7: 236238126 | G7: 0 | H7: 0 | I7: 46900 | J7: 2.7388761e+10 | K7: 636 | L7: 2811290664 | M7: 175 | N7: 589.61286 | O7: 225.35218 | P7: 225.29423 | Q7: 0 | R7: 0 | S7: 2681.0557
A8: Hybrid | B8: csv | C8: 5586079246 | D8: 42549826 | E8: 0 | F8: 0 | G8: 0 | H8: 0 | I8: 968015 | J8: 9.1449998e+10 | K8: 3881.6667 | L8: 0 | M8: 42549820 | N8: 5327.3003 | O8: 0 | P8: 0 | Q8: 0 | R8: 0 | S8: 0
A9: Hybrid | B9: jsonl | C9: 29460009646 | D9: 85099640 | E9: 0 | F9: 0 | G9: 0 | H9: 0 | I9: 1141255.7 | J9: 1.6616936e+11 | K9: 5335 | L9: 0 | M9: 42549820 | N9: 28095.255 | O9: 0 | P9: 0 | Q9: 0 | R9: 0 | S9: 0
A10: Hybrid | B10: parquet | C10: 618253899 | D10: 42549820 | E10: 0 | F10: 0 | G10: 0 | H10: 0 | I10: 667642 | J10: 5.911198e+10 | K10: 2664 | L10: 0 | M10: 42549820 | N10: 589.61286 | O10: 0 | P10: 0 | Q10: 0 | R10: 0 | S10: 0

Sheet DBT Mart Summary
A1: architecture | B1: format | C1: runs | D1: avg_mart_time | E1: std_mart_time | F1: min_mart_time | G1: max_mart_time | H1: rows_min | I1: rows_max
A2: ELT | B2: csv | C2: 3 | D2: 139.61333 | E2: 31.370128 | F2: 110.72 | G2: 172.98 | H2: 175 | I2: 175
A3: ELT | B3: jsonl | C3: 3 | D3: 147.67333 | E3: 26.313317 | F3: 125.05 | G3: 176.55 | H3: 175 | I3: 175
A4: ELT | B4: parquet | C4: 3 | D4: 147.30333 | E4: 18.129022 | F4: 126.37 | G4: 157.86 | H4: 175 | I4: 175
A5: Hybrid | B5: csv | C5: 3 | D5: 52.816667 | E5: 2.9323085 | F5: 51.01 | G5: 56.2 | H5: 175 | I5: 175
A6: Hybrid | B6: jsonl | C6: 3 | D6: 46.563333 | E6: 4.6001014 | F6: 41.69 | G6: 50.83 | H6: 175 | I6: 175
A7: Hybrid | B7: parquet | C7: 3 | D7: 48.67 | E7: 4.3082595 | F7: 44.57 | G7: 53.16 | H7: 175 | I7: 175

Sheet Resource Summary
A1: architecture | B1: format | C1: phase | D1: avg_cpu_pct | E1: max_cpu_pct | F1: avg_rss_mb | G1: peak_rss_mb | H1: sample_count
A2: ELT | B2: csv | C2: dbt_transform | D2: 1.6195349 | E2: 65.3 | F2: 126.84301 | G2: 894.734 | H2: 215
A3: ELT | B3: csv | C3: spark_extract_load | D3: 69.833509 | E3: 209.8 | F3: 728.93539 | G3: 1825.6519 | H3: 379
A4: ELT | B4: jsonl | C4: dbt_transform | D4: 1.4257778 | E4: 61.5 | F4: 139.56854 | G4: 563.813 | H4: 225
A5: ELT | B5: jsonl | C5: spark_extract_load | D5: 91.633025 | E5: 526.5 | F5: 541.73381 | G5: 816.85952 | H5: 433
A6: ELT | B6: parquet | C6: dbt_transform | D6: 1.0696833 | E6: 73.4 | F6: 147.57551 | G6: 1085.8706 | H6: 221
A7: ELT | B7: parquet | C7: spark_extract_load | D7: 77.514201 | E7: 193.6 | F7: 1119.9092 | G7: 1780.9813 | H7: 338
A8: ETL | B8: csv | C8: spark_etl_total | D8: 335.27292 | E8: 741.1 | F8: 895.27746 | G8: 2009.2813 | H8: 48
A9: ETL | B9: jsonl | C9: spark_etl_total | D9: 340.15625 | E9: 748 | F9: 704.0011 | G9: 2025.9881 | H9: 80
A10: ETL | B10: parquet | C10: spark_etl_total | D10: 332.93 | E10: 724.8 | F10: 835.22297 | G10: 2017.4562 | H10: 20
A11: Hybrid | B11: csv | C11: dbt_transform | D11: 3.0289157 | E11: 73.9 | F11: 122.81862 | G11: 970.81212 | H11: 83
A12: Hybrid | B12: csv | C12: spark_extract_clean_load | D12: 81.453535 | E12: 473.4 | F12: 711.92536 | G12: 1192.345 | H12: 198
A13: Hybrid | B13: jsonl | C13: dbt_transform | D13: 3.712987 | E13: 66.9 | F13: 152.07995 | G13: 597.01512 | H13: 77
... A17: SYSTEM | B17: none | C17: dbt_debug | D17: 15.8 | E17: 31.6 | F17: 79.906255 | G17: 134.64063 | H17: 2

Sheet Formula Map
A1: Output sheet | B1: Cells | C1: Formula logic
A2: Run Totals | B2: F:G:H | C2: SUMIFS from Raw Scenario Times by scale, architecture, format, run, and phase.
A3: Runtime Summary | B3: C:E | C3: SUMIFS from Run Totals for run1, run2, run3.
A4: Runtime Summary | B4: G:J | C4: AVERAGE, STDEV.S, MIN, MAX across run1-run3 columns.
A5: Phase Summary | B5: D:F | C5: SUMIFS from Raw Scenario Times by architecture, format, phase, and run.
A6: Improvement Summary | B6: D4:D6 | C6: 1 - Hybrid mean / ELT mean for each format.
A7: Improvement Summary | B7: D10:D12 | C7: 1 - Parquet mean / CSV mean for each architecture.
A8: Dashboard | B8: B3:B6 | C8: INDEX/MATCH from Runtime Summary to show fastest/slowest scenario.
